Student_ID,Attendance_Percentage,Assignment_Submission_Rate,Average_Test_Score,Participation_Score
S01,92,95,88,90
S02,85,82,80,78
S03,78,75,70,72
S04,65,60,62,58
S05,55,50,48,45
S06,88,90,85,87
S07,72,70,68,65
S08,60,58,55,52
S09,95,98,92,94
S10,82,85,80,83
S11,90,92,86,88
S12,84,80,78,75
S13,76,72,69,70
S14,68,65,64,60
S15,58,55,50,48
S16,91,94,89,91
S17,83,81,79,77
S18,75,73,71,69
S19,66,62,60,58
S20,57,53,49,46
S21,89,91,87,89
S22,81,79,77,74
S23,74,70,68,67
S24,67,63,61,59
S25,59,54,52,50
S26,93,96,90,92
S27,86,84,82,80
S28,77,74,72,71
S29,69,66,63,61
S30,56,52,48,47
S31,94,97,91,93
S32,87,85,83,81
S33,79,76,73,72
S34,70,68,65,63
S35,60,57,54,52
S36,91,93,88,90
S37,84,82,80,78
S38,76,73,70,69
S39,68,64,62,60
S40,58,55,51,49
S41,92,95,89,91
S42,85,83,81,79
S43,78,75,72,71
S44,69,66,64,62
S45,57,53,50,48
S46,93,96,91,93
S47,88,86,84,82
S48,80,77,75,73
S49,71,68,66,64
S50,62,59,56,54
